direction,stage,mae_cycles,rmse_cycles,r2_cycles,mae_scaled,rmse_scaled,r2_scaled,target_min_cycles,target_max_cycles,target_train_batteries_used,target_train_batteries_total
hnei_to_nasa,source_test,6.251501083374023,7.689637421988154,0.9994348883628845,0.005522526800632477,0.006792966123984736,0.9994348883628845,1.0,1133.0,8,21
hnei_to_nasa,target_zero_shot,114.19242095947266,119.30444986593123,-13.257843971252441,0.5826143622398376,0.6086961437269264,-13.257843971252441,0.0,196.0,8,21
hnei_to_nasa,target_fine_tuned,27.164968490600586,30.544696014035623,0.0654292106628418,0.1385967880487442,0.15584028289614482,0.06542915105819702,0.0,196.0,8,21
nasa_to_hnei,source_test,30.68153190612793,49.25147721452119,-1.4298481941223145,0.15653842687606812,0.25128305030389425,-1.4298481941223145,0.0,196.0,3,8
nasa_to_hnei,target_zero_shot,392.7379455566406,532.1766917575402,-1.706615924835205,0.3469424247741699,0.470120762239692,-1.706615686416626,1.0,1133.0,3,8
nasa_to_hnei,target_fine_tuned,6.2852935791015625,7.815891597796496,0.999416172504425,0.005598029121756554,0.006928043984030785,0.9994121789932251,1.0,1133.0,3,8
