model,mae_cycles,rmse_cycles,r2_cycles,target_train_batteries
Baseline TFT (no transfer),46.9887580871582,57.86740635927966,0.9655897617340088,3
VAE + TFT Transfer (proposed),369.5407409667969,449.7842712067642,-1.078874111175537,3
