model,mae_cycles,rmse_cycles,r2_cycles,target_train_batteries
Baseline TFT (no transfer),75.4808349609375,95.49057647387254,0.9046801924705505,3
VAE + TFT Transfer (proposed),317.98394775390625,378.845367531398,-0.5003272294998169,3
