epoch,step,train_loss_epoch,train_loss_step,val_MAE,val_MAPE,val_RMSE,val_SMAPE,val_loss
0,9,,0.2602042853832245,,,,,
0,12,,,0.5090754628181458,8.05721378326416,0.5313411355018616,2.0,0.5313411355018616
0,12,0.40367940068244934,,,,,,
