{
  "mae": 7.449925422668457,
  "rmse": 12.723275094329155,
  "r2": 0.9908124208450317,
  "train_rows": 4659,
  "test_rows": 1165,
  "cleaned_rows": 5824,
  "original_rows": 17658
}
